split,scene,variant_mode,psnr,ssim,mean_bias
val,weather_light,baseline_reduced,31.109356765443223,0.9462190731163379,3.217684249083201
val,weather_light,baseline_native,30.782830607794978,0.9641223488068292,1.3417324423789978
val,weather_light,s02_reduced,31.987105234973015,0.9522376694698803,1.6215224663416545
val,weather_light,s02_native,30.38269623384926,0.9626116270862357,-1.3051742712656658
val,weather_light,s03_8k_reduced,30.65893165137604,0.9404185468665194,3.090744972229004
val,weather_light,s03_8k_native,30.226866253203557,0.9599642609176611,0.450117106239001
val,weather_light,s03_best_reduced,32.902009724538566,0.9608461085350039,1.2708837787310283
val,weather_light,s03_best_native,29.221333935589428,0.9594910019130612,-3.4865325689315796
val,weather_light,s03_last_reduced,32.70046402309475,0.9608443677493721,1.8765830397605896
val,weather_light,s03_last_native,29.30104507636042,0.958839499953782,-3.144200881322225
val,weather_medium,baseline_reduced,31.141720777047414,0.9433324866348393,2.3191422820091248
val,weather_medium,baseline_native,30.40228865357608,0.960001028159139,0.4975605731209119
val,weather_medium,s02_reduced,31.720037082664486,0.9489521120407386,0.8088080883026123
val,weather_medium,s02_native,29.76727787700806,0.957644176382399,-2.116173346837362
val,weather_medium,s03_8k_reduced,30.556552238847264,0.9371901603000681,2.307935376962026
val,weather_medium,s03_8k_native,29.756958932199513,0.9553118119800276,-0.3262883573770523
val,weather_medium,s03_best_reduced,32.476051621765045,0.9580459825947857,0.33707734445730847
val,weather_medium,s03_best_native,28.376799958642337,0.9538847899764432,-4.518699606259664
val,weather_medium,s03_last_reduced,32.426112177969195,0.9582248856318382,0.8839345028003057
val,weather_medium,s03_last_native,28.430808942322077,0.9531429732840159,-4.214527606964111
test,weather_light,baseline_reduced,31.484147178668692,0.952404587418216,3.472558597723643
test,weather_light,baseline_native,31.362939692691473,0.9691997314280418,1.3927679856618245
test,weather_light,s02_reduced,32.54838872178684,0.9581647800304706,2.0055622458457947
test,weather_light,s02_native,31.12428627176283,0.9672957504673431,-1.047328030069669
test,weather_light,s03_8k_reduced,31.174645135541557,0.9477471474655864,3.276689867178599
test,weather_light,s03_8k_native,30.94994139894314,0.9649726924105707,0.3902016083399455
test,weather_light,s03_best_reduced,33.72261421898771,0.9667075419306482,1.7071835895379384
test,weather_light,s03_best_native,30.37087700239553,0.9657010129781568,-2.795366565386454
test,weather_light,s03_last_reduced,33.51121710226371,0.9667908742822203,2.099016308784485
test,weather_light,s03_last_native,30.438911150316812,0.9651960792451169,-2.6717833876609802
test,weather_medium,baseline_reduced,32.10213736465607,0.9530168227914859,2.518801669279734
test,weather_medium,baseline_native,31.655305886927408,0.9698360543463274,0.36062590529521305
test,weather_medium,s02_reduced,32.92042177914082,0.9580127867380002,1.2510473132133484
test,weather_medium,s02_native,31.085716463118683,0.9668693945713939,-1.912721961736679
test,weather_medium,s03_8k_reduced,31.71257284877282,0.9482777300311841,2.3718645771344504
test,weather_medium,s03_8k_native,31.03056928529277,0.9645912761520637,-0.6500547428925832
test,weather_medium,s03_best_reduced,34.18999883623191,0.9671859786908258,0.8300856103499731
test,weather_medium,s03_best_native,30.14143532696585,0.9645174102984946,-3.6911017100016275
test,weather_medium,s03_last_reduced,34.0743358949359,0.9673936249230489,1.1552448570728302
test,weather_medium,s03_last_native,30.18337833882526,0.9639694520635921,-3.642341593901316
